venue,matches,cities,total_innings,total_runs,average_score,average_wickets,highest_score,total_wickets,total_fours,total_sixes,batting_index,bowling_index,boundary_rate,six_per_inning,wickets_per_inning,chasing_win,average_first_innings,average_second_innings,chasing_score_gap
Arun Jaitley Stadium,44,Delhi,92,15105,164.18478260869566,5.6521739130434785,261,520,1345,764,80.59561558631624,3.4425686858656075,0.13962264150943396,8.304347826086957,5.6521739130434785,50.0,177.41,164.98,-12.430000000000007
Barabati Stadium,7,Cuttack,14,2195,156.78571428571428,5.714285714285714,221,80,215,68,76.96353436185133,3.6446469248291575,0.12892938496583142,4.857142857142857,5.714285714285714,42.857142857142854,162.29,151.29,-11.0
"Barsapara Cricket Stadium, Guwahati",8,Guwahati,16,2489,155.5625,6.3125,199,101,233,110,76.36307854137448,4.057854560064283,0.13780634793089594,6.875,6.3125,50.0,160.5,150.62,-9.879999999999995
"Bharat Ratna Shri Atal Bihari Vajpayee Ekana Cricket Stadium, Lucknow",29,Lucknow,59,9248,156.74576271186442,5.88135593220339,224,347,831,399,76.94392278983526,3.7521626297577853,0.13300173010380623,6.762711864406779,5.88135593220339,55.172413793103445,166.55,157.61,-8.939999999999998
Brabourne Stadium,10,Mumbai,20,3263,163.15,6.0,203,120,327,105,80.08765778401123,3.677597303095311,0.1323935029114312,5.25,6.0,40.0,168.6,157.7,-10.900000000000006
"Brabourne Stadium, Mumbai",17,Mumbai,34,5497,161.6764705882353,6.205882352941177,202,211,548,228,79.36432637571158,3.838457340367473,0.1411679097689649,6.705882352941177,6.205882352941177,52.94117647058824,168.35,155.0,-13.349999999999994
Buffalo Park,3,East London,6,742,123.66666666666667,6.333333333333333,168,38,56,27,60.70593735390369,5.121293800539084,0.11185983827493262,4.5,6.333333333333333,33.33333333333333,135.33,112.0,-23.330000000000013
De Beers Diamond Oval,3,Kimberley,6,858,143.0,6.5,164,39,62,34,70.19635343618513,4.545454545454546,0.11188811188811189,5.666666666666667,6.5,66.66666666666666,152.67,133.33,-19.339999999999975
Dr DY Patil Sports Academy,17,Mumbai,34,4490,132.05882352941177,6.352941176470588,180,216,390,173,64.82550944641531,4.810690423162582,0.12538975501113586,5.088235294117647,6.352941176470588,58.82352941176471,136.76,127.35,-9.409999999999997
"Dr DY Patil Sports Academy, Mumbai",20,Mumbai,40,6199,154.975,6.35,208,254,522,285,76.07468443197756,4.097435070172609,0.13018228746572028,7.125,6.35,50.0,161.15,148.8,-12.349999999999994
Dr. Y.S. Rajasekhara Reddy ACA-VDCA Cricket Stadium,13,Visakhapatnam,26,3585,137.8846153846154,6.269230769230769,199,163,291,154,67.68529506958679,4.546722454672246,0.12412831241283125,5.923076923076923,6.269230769230769,53.84615384615385,151.0,124.77,-26.230000000000004
"Dr. Y.S. Rajasekhara Reddy ACA-VDCA Cricket Stadium, Visakhapatnam",4,Visakhapatnam,8,1453,181.625,7.25,250,58,123,90,89.15673211781206,3.9917412250516175,0.14659325533379217,11.25,7.25,50.0,196.0,167.25,-28.75
Dubai International Cricket Stadium,46,Dubai,100,13753,137.53,5.45,208,545,1189,495,67.51122019635343,3.96277175888897,0.12244601177924816,4.95,5.45,47.82608695652174,155.63,142.15,-13.47999999999999
Eden Gardens,107,Kolkata,213,32649,153.28169014084506,5.774647887323944,256,1230,3116,1414,75.24346640854947,3.7673435633556926,0.1387485068455389,6.63849765258216,5.774647887323944,56.074766355140184,160.12,146.38,-13.740000000000009
Feroz Shah Kotla,60,Delhi,119,17499,147.05042016806723,5.857142857142857,215,697,1660,636,72.18463823116905,3.983084747699868,0.1312074975712898,5.34453781512605,5.857142857142857,53.333333333333336,153.6,140.39,-13.210000000000008
Green Park,4,Kanpur,8,1236,154.5,6.125,194,49,151,36,75.84151472650771,3.9644012944983817,0.15129449838187703,4.5,6.125,100.0,153.25,155.75,2.5
Himachal Pradesh Cricket Association Stadium,9,Dharamsala,18,2720,151.11111111111111,5.777777777777778,205,104,299,108,74.17796478105033,3.8235294117647056,0.14963235294117647,6.0,5.777777777777778,44.44444444444444,165.33,136.89,-28.440000000000026
"Himachal Pradesh Cricket Association Stadium, Dharamsala",10,Dharamsala,19,3577,188.26315789473685,6.315789473684211,247,120,331,205,92.41529489923968,3.3547665641599105,0.14984623986580933,10.789473684210526,6.315789473684211,30.0,197.6,177.89,-19.710000000000008
Holkar Cricket Stadium,9,Indore,18,2735,151.94444444444446,5.111111111111111,240,92,222,155,74.58703443976937,3.3638025594149905,0.13784277879341864,8.61111111111111,5.111111111111111,88.88888888888889,151.89,152.0,0.11000000000001364
JSCA International Stadium Complex,7,Ranchi,14,1956,139.71428571428572,5.785714285714286,184,81,154,76,68.58345021037869,4.141104294478527,0.11758691206543967,5.428571428571429,5.785714285714286,71.42857142857143,142.86,136.57,-6.2900000000000205
Kingsmead,15,Durban,30,4076,135.86666666666667,6.7,207,201,361,130,66.69471715755026,4.931305201177625,0.1204612365063788,4.333333333333333,6.7,46.666666666666664,144.2,127.53,-16.669999999999987
M Chinnaswamy Stadium,104,Bangalore,209,32536,155.67464114832535,5.84688995215311,272,1222,2869,1595,76.41812679090305,3.7558396852716993,0.13720186869928694,7.631578947368421,5.84688995215311,53.84615384615385,165.39,148.63,-16.75999999999999
MA Chidambaram Stadium,98,Chennai,200,29547,147.735,5.915,240,1183,2537,1128,72.52068723702665,4.00379057095475,0.12403966561749077,5.64,5.915,45.91836734693878,157.02,144.17,-12.850000000000023
"Maharaja Yadavindra Singh International Cricket Stadium, Mullanpur",10,Mohali,20,3022,151.1,7.2,212,144,261,136,74.17251051893408,4.765056254136334,0.1313699536730642,6.8,7.2,50.0,155.0,147.2,-7.800000000000011
"Maharaja Yadavindra Singh International Cricket Stadium, New Chandigarh",7,New Chandigarh,14,2852,203.71428571428572,5.785714285714286,245,81,236,175,100.0,2.8401122019635343,0.144109396914446,12.5,5.785714285714286,57.14285714285714,210.57,196.86,-13.70999999999998
Maharashtra Cricket Association Stadium,22,Pune,44,6687,151.97727272727272,5.886363636363637,204,259,572,264,74.60314930511284,3.8731867803200246,0.1250186929863915,6.0,5.886363636363637,63.63636363636363,158.0,145.95,-12.050000000000011
"Maharashtra Cricket Association Stadium, Pune",13,Pune,26,3913,150.5,6.730769230769231,196,175,303,200,73.87798036465638,4.47227191413238,0.12854587273191925,7.6923076923076925,6.730769230769231,23.076923076923077,163.15,137.85,-25.30000000000001
"Narendra Modi Stadium, Ahmedabad",41,Ahmedabad,82,13774,167.97560975609755,6.304878048780488,229,517,1176,684,82.45647042725686,3.753448526208799,0.13503702628139974,8.341463414634147,6.304878048780488,51.21951219512195,177.07,158.88,-18.189999999999998
Nehru Stadium,5,Kochi,10,1286,128.6,6.2,150,62,123,39,63.12762973352033,4.821150855365475,0.12597200622083982,3.9,6.2,40.0,138.2,119.0,-19.19999999999999
New Wanderers Stadium,8,Johannesburg,16,2184,136.5,5.75,159,92,185,64,67.00561009817672,4.212454212454213,0.11401098901098901,4.0,5.75,62.5,137.25,135.75,-1.5
Newlands,7,Cape Town,16,1684,105.25,5.8125,175,93,146,63,51.66549789621319,5.522565320665083,0.12410926365795724,3.9375,5.8125,28.57142857142857,132.0,104.0,-28.0
OUTsurance Oval,2,Bloemfontein,4,488,122.0,6.25,145,25,42,8,59.88779803646563,5.122950819672131,0.10245901639344263,2.0,6.25,50.0,125.5,118.5,-7.0
Punjab Cricket Association IS Bindra Stadium,10,Chandigarh,20,3334,166.7,5.2,196,104,290,132,81.83029453015426,3.1193761247750453,0.1265746850629874,6.6,5.2,60.0,169.3,164.1,-5.200000000000017
"Punjab Cricket Association IS Bindra Stadium, Mohali",11,Chandigarh,22,3416,155.27272727272728,5.2272727272727275,204,115,338,87,76.22083386459263,3.3665105386416863,0.12441451990632318,3.9545454545454546,5.2272727272727275,54.54545454545454,157.91,152.64,-5.27000000000001
"Punjab Cricket Association IS Bindra Stadium, Mohali, Chandigarh",5,Chandigarh,10,1758,175.8,6.0,242,60,172,76,86.29733520336606,3.4129692832764507,0.1410693970420933,7.6,6.0,40.0,186.0,165.6,-20.400000000000006
"Punjab Cricket Association Stadium, Mohali",35,Chandigarh,70,10421,148.87142857142857,5.871428571428571,234,411,1040,307,73.07854137447404,3.9439593129258226,0.129258228576912,4.385714285714286,5.871428571428571,57.14285714285714,154.49,143.26,-11.230000000000018
Rajiv Gandhi International Stadium,90,Hyderabad,181,27796,153.56906077348066,5.8121546961325965,268,1052,2498,1118,75.3845319364912,3.784717225500072,0.1300906605266945,6.176795580110498,5.8121546961325965,53.333333333333336,160.7,149.43,-11.269999999999982
"Sardar Patel Stadium, Motera",12,Ahmedabad,26,3589,138.03846153846155,5.576923076923077,186,145,306,130,67.76081562196569,4.040122596823627,0.12148230704931735,5.0,5.576923076923077,41.66666666666667,155.5,142.08,-13.419999999999987
Saurashtra Cricket Association Stadium,10,Rajkot,22,3198,145.36363636363637,4.954545454545454,209,109,306,104,71.35662374091547,3.40838023764853,0.1282051282051282,4.7272727272727275,4.954545454545454,60.0,164.0,154.5,-9.5
Sawai Mansingh Stadium,47,Jaipur,94,13473,143.32978723404256,5.51063829787234,192,518,1349,363,70.35824057772075,3.844726490017071,0.1270689527202553,3.8617021276595747,5.51063829787234,68.08510638297872,148.26,138.4,-9.859999999999985
"Sawai Mansingh Stadium, Jaipur",21,Jaipur,42,7472,177.9047619047619,5.095238095238095,221,214,677,368,87.33052828424496,2.864025695931477,0.13985546038543897,8.761904761904763,5.095238095238095,57.14285714285714,185.48,170.33,-15.149999999999977
Shaheed Veer Narayan Singh International Stadium,6,Raipur,12,1664,138.66666666666666,5.0,159,60,161,44,68.06919121084618,3.6057692307692313,0.12319711538461539,3.6666666666666665,5.0,66.66666666666666,139.5,137.83,-1.6699999999999875
"Shaheed Veer Narayan Singh International Stadium, Raipur",2,Raipur,4,681,170.25,5.75,189,23,61,28,83.57293127629734,3.3773861967694567,0.13069016152716592,7.0,5.75,100.0,174.5,166.0,-8.5
Sharjah Cricket Stadium,28,Sharjah,56,8159,145.69642857142858,5.75,226,322,593,394,71.51998597475456,3.9465620786861133,0.12097070719450913,7.035714285714286,5.75,64.28571428571429,150.61,140.79,-9.820000000000022
Sheikh Zayed Stadium,29,Abu Dhabi,62,8467,136.56451612903226,5.306451612903226,200,329,782,255,67.03728000723883,3.8856737923703797,0.1224754930908232,4.112903225806452,5.306451612903226,55.172413793103445,151.86,139.28,-12.580000000000013
St George's Park,7,Port Elizabeth,14,1904,136.0,5.5,178,77,151,62,66.7601683029453,4.044117647058823,0.11186974789915967,4.428571428571429,5.5,57.14285714285714,150.57,121.43,-29.139999999999986
Subrata Roy Sahara Stadium,16,Pune,32,4296,134.25,5.71875,175,183,362,138,65.90112201963534,4.259776536312849,0.11638733705772812,4.3125,5.71875,37.5,141.88,126.62,-15.259999999999991
SuperSport Park,12,Centurion,24,3440,143.33333333333334,5.541666666666667,184,133,318,120,70.35998129967275,3.866279069767442,0.12732558139534883,5.0,5.541666666666667,66.66666666666666,144.5,142.17,-2.3300000000000125
"Vidarbha Cricket Association Stadium, Jamtha",3,Nagpur,6,822,137.0,8.0,147,48,66,26,67.25105189340813,5.839416058394161,0.11192214111922141,4.333333333333333,8.0,33.33333333333333,139.67,134.33,-5.339999999999975
Wankhede Stadium,132,Mumbai,266,41969,157.7781954887218,5.977443609022556,237,1590,3873,1906,77.45072709825052,3.7885105673235007,0.13769687150039314,7.165413533834586,5.977443609022556,54.54545454545454,164.1,153.72,-10.379999999999995
"Zayed Cricket Stadium, Abu Dhabi",8,Abu Dhabi,16,2372,148.25,5.8125,224,93,228,73,72.773492286115,3.920741989881956,0.12689713322091062,4.5625,5.8125,62.5,151.75,144.75,-7.0
